"행정구역별(1)",행정구역별(2),2012,2012,2012,2013,2013,2013,2014,2014,2014,2015,2015,2015,2016,2016,2016,2017,2017,2017,2018,2018,2018,2019,2019,2019,2020,2020,2020,2021,2021,2021,2022,2022,2022,2023,2023,2023
"행정구역별(1)",행정구역별(2),고령인구비율<br>(A÷B×100) (%),65세이상인구<br>(A) (명),전체인구<br>(B) (명),고령인구비율<br>(A÷B×100) (%),65세이상인구<br>(A) (명),전체인구<br>(B) (명),고령인구비율<br>(A÷B×100) (%),65세이상인구<br>(A) (명),전체인구<br>(B) (명),고령인구비율<br>(A÷B×100) (%),65세이상인구<br>(A) (명),전체인구<br>(B) (명),고령인구비율<br>(A÷B×100) (%),65세이상인구<br>(A) (명),전체인구<br>(B) (명),고령인구비율<br>(A÷B×100) (%),65세이상인구<br>(A) (명),전체인구<br>(B) (명),고령인구비율<br>(A÷B×100) (%),65세이상인구<br>(A) (명),전체인구<br>(B) (명),고령인구비율<br>(A÷B×100) (%),65세이상인구<br>(A) (명),전체인구<br>(B) (명),고령인구비율<br>(A÷B×100) (%),65세이상인구<br>(A) (명),전체인구<br>(B) (명),고령인구비율<br>(A÷B×100) (%),65세이상인구<br>(A) (명),전체인구<br>(B) (명),고령인구비율<br>(A÷B×100) (%),65세이상인구<br>(A) (명),전체인구<br>(B) (명),고령인구비율<br>(A÷B×100) (%),65세이상인구<br>(A) (명),전체인구<br>(B) (명)
"전국",소계,11.7,5980060,50948272,12.2,6250986,51141463,12.7,6520607,51327916,13.1,6775101,51529338,13.5,6995652,51696216,14.2,7356106,51778544,14.8,7650408,51826059,15.5,8026915,51849861,16.4,8496077,51829023,17.1,8851033,51638809,18.0,9267290,51439038,19.0,9730411,51325329
"서울특별시",소계,10.8,1105583,10195318,11.5,1161708,10143645,12.0,1216529,10103233,12.6,1262436,10022181,13.0,1295899,9930616,13.8,1359901,9857426,14.4,1410297,9765623,15.2,1478664,9729107,16.1,1561139,9668465,16.8,1597447,9509458,17.6,1658207,9428372,18.5,1733580,9386034
"서울특별시",종로구,14.4,23730,165207,14.9,23853,160070,15.5,24376,156993,16.0,24752,154986,16.3,24950,152737,16.8,26030,154770,17.4,26572,153065,18.1,27318,151290,19.0,28311,149384,19.1,27609,144683,19.6,27704,141379,20.4,28500,139417
"서울특별시",중구,14.0,18690,133360,14.7,19152,130465,15.4,19740,128065,16.0,20081,125733,16.3,20388,125249,16.8,21148,125709,17.3,21750,125725,18.2,22974,126171,19.3,24174,125240,19.6,24037,122499,20.5,24660,120437,21.0,25525,121312
"서울특별시",용산구,13.5,32786,243232,14.1,33775,239740,14.7,34571,235951,15.2,35352,233342,15.4,35547,230241,15.9,36488,229161,16.2,37212,228999,16.8,38346,228670,17.3,39779,230040,17.3,38552,222953,17.6,38478,218650,18.4,39239,213151
"서울특별시",성동구,11.4,34056,299604,11.8,35296,299337,12.3,36564,296086,12.8,38025,297003,13.1,39140,299259,13.5,41152,304808,13.8,42629,308221,14.6,43796,300889,15.5,45435,293556,16.2,46201,285990,16.9,47530,281000,17.8,49260,277361
"서울특별시",광진구,9.6,35539,371313,10.1,37413,368927,10.7,38808,363354,11.2,40205,360369,11.6,41292,357215,12.2,43790,357703,12.8,45432,355559,13.6,47681,351350,14.5,50311,346682,15.1,51450,339996,15.9,53737,337416,16.8,56461,335554
"서울특별시",동대문구,12.8,46625,363258,13.4,48911,364273,14.0,50756,363687,14.5,52331,360153,15.0,53301,355069,15.8,55547,350647,16.4,56991,348052,17.1,59170,346194,18.0,61612,342837,18.4,62009,337400,19.1,64255,336644,19.6,66790,341149
"서울특별시",중랑구,11.1,46402,419295,11.7,48937,416798,12.4,51919,418836,13.1,54021,413909,13.6,55842,411005,14.5,59189,408226,15.3,61748,403209,16.4,65065,397015,17.6,69341,394702,18.5,71560,387350,19.4,74790,385318,20.6,78791,382155
"서울특별시",성북구,12.0,58000,481857,12.7,60353,476589,13.3,61929,466706,13.7,63132,459275,14.2,63878,450355,14.9,66121,444055,15.5,67646,435868,16.0,70699,442650,16.8,73613,437153,17.3,74545,430528,18.0,77293,430397,18.9,80232,425602
"서울특별시",강북구,13.4,46147,343157,14.3,48465,338707,15.1,50755,335025,15.9,52503,330873,16.5,53964,327195,17.4,56437,324479,18.2,58103,319164,19.3,60474,313954,20.6,63313,308055,21.5,64218,299182,22.5,66170,293660,23.8,68473,288113
"서울특별시",도봉구,11.7,42230,362270,12.4,44434,358582,13.1,46438,353709,13.8,48553,351242,14.5,50466,348220,15.5,53445,344166,16.5,55926,339413,17.6,58664,333362,19.1,62009,325257,20.2,64114,317366,21.5,66942,311694,22.9,70374,306948
"서울특별시",노원구,10.2,61150,597189,10.8,63731,590479,11.4,66411,582552,12.0,68843,574583,12.5,70819,567581,13.4,74178,554403,14.2,77032,543752,15.2,80854,532905,16.3,85420,523037,17.3,88271,510956,18.3,91946,503734,19.3,96309,498213
"서울특별시",은평구,12.1,60649,501480,12.7,64188,503660,13.4,66864,498644,14.0,69610,497920,14.5,71304,491476,15.3,74400,486794,16.0,77263,483197,16.8,80567,480032,17.7,85010,479835,18.4,87038,473307,19.2,89422,466746,20.0,93565,466770
"서울특별시",서대문구,13.3,41756,315113,13.9,43529,314110,14.5,44982,310376,14.9,46417,312141,15.1,47303,314194,15.6,48898,312800,16.1,50045,310313,16.7,51645,309397,17.2,53756,312173,17.7,53822,304819,18.1,55502,306337,18.8,57588,306231
"서울특별시",마포구,11.4,44027,384644,11.9,45508,381856,12.2,47096,385439,12.5,48348,387643,12.7,48060,379892,13.2,49356,374915,13.5,50544,375077,13.9,52104,374035,14.5,54002,371890,14.7,54231,368905,15.2,55533,364638,15.8,57504,363697
"서울특별시",양천구,8.7,43392,495911,9.3,45896,492528,9.9,48068,486221,10.4,50282,484532,10.9,51957,477739,11.7,55136,471154,12.5,57941,464185,13.3,61147,458165,14.4,65541,454251,15.3,68483,447302,16.4,72235,440881,17.5,76126,436028
"서울특별시",강서구,9.8,55641,567431,10.4,59330,569070,11.0,64117,585160,11.5,67792,589074,11.9,70889,595485,12.6,75845,601691,13.3,79445,596949,14.2,83839,591796,15.3,88733,580185,16.1,92336,574315,17.0,96880,569166,18.1,101808,563058
"서울특별시",구로구,10.4,44579,427520,11.1,47367,424964,11.9,50615,425831,12.6,53146,422092,13.2,55159,417551,14.2,58213,410742,15.1,61105,404497,16.0,64932,406664,17.1,69201,404408,18.0,71445,396754,18.8,74491,395315,20.0,78377,392405
"서울특별시",금천구,10.9,26476,243288,11.6,27948,241020,12.3,29243,238463,13.0,30745,236284,13.6,31976,235386,14.4,33842,235154,15.1,35354,233917,16.0,37196,232810,17.0,39314,231733,17.5,40442,230811,18.4,42226,229642,19.6,44531,227481
"서울특별시",영등포구,11.6,45417,391408,12.2,47258,386471,12.9,49184,382352,13.4,50839,378504,13.8,51186,370613,14.5,53299,368550,14.9,54906,367778,15.5,56957,367678,16.0,60663,379480,16.3,61295,376837,16.9,63349,375675,17.6,65843,374794
"서울특별시",동작구,11.6,47007,405491,12.1,49863,410815,12.8,52147,407470,13.3,53425,400641,13.7,55052,400997,14.4,57071,396217,15.0,59265,396203,15.7,61994,395963,16.6,64928,391220,17.2,66320,385483,17.8,67872,380596,18.5,70089,378769
"서울특별시",관악구,10.8,56238,523029,11.5,59333,518028,12.1,62251,513186,12.7,64677,509663,13.2,66659,506851,13.9,69729,503297,14.3,71888,501957,15.0,74787,500094,15.8,78430,495060,16.3,79371,485699,16.8,81848,486752,17.6,84762,481956
"서울특별시",서초구,9.6,41649,435044,10.1,44554,441763,10.5,47346,449678,11.0,49171,446764,11.4,50906,447192,12.0,53119,441102,12.6,54663,433951,13.2,57036,430826,14.1,60072,425126,14.7,60574,412279,15.4,62228,404325,16.1,65541,407664
"서울특별시",강남구,8.9,50206,564197,9.5,53300,563599,9.9,57291,578114,10.4,60191,576495,10.9,61822,567115,11.7,64946,556164,12.3,66957,542364,13.0,70896,545169,13.9,74959,539231,14.6,78078,533042,15.4,81564,529102,15.9,86434,544873
"서울특별시",송파구,8.7,58341,673115,9.2,61592,668415,9.8,64891,664738,10.3,68147,660302,10.8,70918,657831,11.5,76442,664496,12.2,81211,666635,12.9,87182,675961,14.0,93309,667960,14.8,97503,658338,15.7,103361,658801,16.6,108643,654166
"서울특별시",강동구,9.2,44850,487905,9.9,47722,483379,10.5,50167,476597,11.3,51848,458658,12.0,53121,444168,12.9,56080,436223,13.7,58669,427573,14.5,63341,436067,15.2,69903,459970,16.0,73943,462664,17.0,78191,460067,18.0,82815,459167
"부산광역시",소계,12.5,442199,3538484,13.3,467416,3527635,14.0,492116,3519401,14.6,514630,3513777,15.3,536064,3498529,16.3,565527,3470653,17.1,589961,3441453,18.2,620123,3413841,19.4,657711,3391946,20.4,681885,3350380,21.5,712412,3317812,22.6,745199,3293362
"부산광역시",중구,17.8,8570,48148,18.7,8850,47345,19.6,9154,46737,20.7,9470,45816,21.5,9700,45208,22.8,10082,44218,24.3,10380,42795,25.6,10744,41910,27.2,11315,41523,27.7,11206,40524,28.9,11468,39689,30.7,11866,38619
"부산광역시",서구,17.5,21178,120828,18.5,21941,118783,19.4,22902,118115,20.3,23517,115963,21.2,23906,112973,22.2,24462,110039,22.8,25205,110534,24.1,26069,108229,25.3,27346,108135,26.2,27529,105164,27.0,28432,105192,28.1,29273,104089
"부산광역시",동구,18.3,17991,98529,19.5,18734,96011,20.6,19493,94565,21.7,19945,92069,22.6,20334,89826,23.7,21076,88868,24.6,21407,86912,25.2,22257,88165,26.3,23381,88901,27.1,23760,87679,28.2,24354,86462,28.6,25093,87792
"부산광역시",영도구,16.9,23663,139765,18.1,24625,135816,19.4,25637,132102,20.4,26419,129385,21.5,27192,126362,22.9,28293,123521,24.2,29072,120109,25.8,30116,116711,27.8,31483,113342,28.9,31981,110638,30.3,32778,108156,31.6,33675,106548
"부산광역시",부산진구,13.1,51572,392731,13.9,54218,389765,14.7,56777,387378,15.4,58579,381572,16.1,60541,376526,16.9,62942,371703,17.8,64599,362357,18.8,67133,357880,19.7,70896,359886,20.5,72339,353159,21.3,75685,355917,22.1,79321,359508
"부산광역시",동래구,11.9,33132,278767,12.7,35153,276689,13.4,37045,275971,14.1,38437,272837,14.8,40349,272745,15.8,42697,270727,16.6,44255,266515,17.3,46863,271247,18.4,49927,270745,19.4,51829,266866,20.1,54881,273226,21.2,57512,270815
"부산광역시",남구,13.2,38346,291175,13.9,40543,291770,14.8,42392,286989,15.6,44110,283101,16.4,45778,278779,17.5,47964,273854,17.9,50151,279917,18.8,51717,274480,20.1,53898,267731,21.1,55386,262069,22.2,56961,256333,23.2,58953,254185
"부산광역시",북구,9.7,30373,312937,10.4,32212,309719,11.1,34057,306974,11.7,36451,310484,12.4,38522,310202,13.5,41000,302924,14.5,43125,296952,15.8,45908,291132,17.4,49304,283952,18.5,52506,283211,20.0,55768,278857,21.6,59154,273596
"부산광역시",해운대구,10.9,46662,428188,11.6,49353,425536,12.3,51970,423531,12.9,54547,422818,13.5,56854,419853,14.5,59949,412039,15.3,62825,409347,16.3,66218,406102,17.5,70306,402169,18.5,73306,396438,19.7,76256,386785,20.9,79666,380448
"부산광역시",사하구,10.7,37748,352726,11.5,40007,349110,12.3,42209,343371,13.1,44389,337781,14.0,46778,334603,15.1,50261,333301,16.1,52805,327791,17.4,55964,321004,19.1,59570,311757,20.4,62278,306003,21.8,65745,301987,23.2,69050,297831
"부산광역시",금정구,12.7,32560,255692,13.6,34397,253526,14.4,36090,249856,15.3,37649,246026,16.1,39482,244624,17.2,42011,244469,18.3,44382,242956,19.5,46642,239062,21.0,48920,232666,22.1,50401,228049,23.6,52128,221256,25.1,54066,215590
"부산광역시",강서구,14.5,9550,65806,14.2,9947,69873,13.3,10593,79619,12.1,11429,94608,11.3,12348,108909,11.2,13205,117382,11.5,14090,122957,11.7,15183,129566,12.1,16633,137957,12.5,17845,142918,13.3,18996,143207,14.2,20180,142396
"부산광역시",연제구,12.5,26353,211536,13.4,27994,209290,14.1,29397,208012,14.7,31042,210718,15.4,31832,207268,16.3,33600,206742,17.1,35526,207840,18.1,37891,209395,19.4,40515,209157,20.4,42313,207144,21.7,44099,203536,22.5,46217,205766
"부산광역시",수영구,14.1,24892,176666,15.1,26394,175098,15.8,28266,178480,16.5,29695,179795,17.2,30831,179324,18.1,32621,179996,19.2,33784,176246,20.2,35661,176148,21.3,37610,176894,22.3,38971,175095,23.3,40697,174806,24.4,42528,174518
"부산광역시",사상구,9.8,24495,250424,10.6,26174,246797,11.4,27712,242953,12.3,29182,237711,13.1,30561,232800,14.3,32715,229219,15.4,34306,223361,16.7,36409,218094,18.3,38865,212586,19.6,40878,208298,21.1,42960,203789,22.5,45700,202932
"부산광역시",기장군,13.2,15114,114566,12.7,16874,132507,12.7,18422,144748,12.9,19769,153093,13.3,21056,158527,14.0,22649,161651,14.6,24049,164864,15.4,25348,164716,15.9,27742,174545,16.6,29357,177125,17.5,31204,178614,18.4,32945,178729
"대구광역시",소계,10.9,274152,2505644,11.6,289246,2501588,12.2,303537,2493264,12.7,316122,2487829,13.2,328901,2484557,14.0,347459,2475231,14.7,362934,2461769,15.6,379277,2438031,16.6,400494,2418346,17.5,417060,2385412,18.4,435698,2363691,19.6,466338,2374960
"대구광역시",중구,17.7,13371,75439,18.4,14053,76246,18.7,14745,78812,18.8,15200,80928,19.2,15343,79712,19.7,15531,78986,19.6,15566,79401,20.1,15597,77421,20.8,15928,76547,21.0,15696,74791,20.1,16107,80199,19.2,17113,89064
"대구광역시",동구,13.4,45927,342092,14.2,48748,343802,14.7,51318,347975,15.3,53511,349728,15.9,55767,351352,16.9,58893,349379,17.6,61656,351291,18.5,64014,345469,19.7,67439,341920,20.6,70449,341436,21.6,73354,339530,22.4,76756,342813
"대구광역시",서구,12.6,27670,220211,13.5,29148,215399,14.6,30708,210770,15.5,31863,206028,16.6,33038,199507,18.1,34758,191992,19.4,35821,184372,21.0,36752,175277,22.6,38587,170700,24.1,39578,164528,25.6,40897,159827,26.2,42936,164088
"대구광역시",남구,15.3,25878,168715,16.4,27208,166062,17.4,28433,163492,18.2,29326,160852,19.2,29974,156433,20.4,31132,152845,21.4,32158,150501,22.3,32987,148113,23.3,34187,146632,24.2,34614,143175,25.1,35590,141519,26.3,36561,139187
"대구광역시",북구,9.5,42526,448485,10.1,44732,444359,10.6,47172,444375,11.1,49129,443119,11.6,51156,440383,12.3,54257,441375,12.9,56894,439489,13.7,60120,437710,14.5,64054,440263,15.4,67236,437008,16.4,70487,430912,17.6,73675,419624
"대구광역시",수성구,10.6,48595,459779,11.1,50962,461004,11.6,52823,456505,12.1,54596,451786,12.6,56431,447011,13.4,58905,439211,14.1,61089,432759,14.8,63474,428614,15.7,66564,424314,16.6,69185,417097,17.5,72078,411553,18.4,75007,407331
"대구광역시",달서구,8.4,51152,606557,8.9,54500,610358,9.5,57576,606433,10.0,60271,602641,10.6,62977,591891,11.6,67033,578068,12.4,70983,573413,13.3,75775,568887,14.4,80646,558631,15.6,84772,544926,16.6,89178,536989,17.8,93762,527781
"대구광역시",달성군,10.3,19033,184366,10.8,19895,184358,11.2,20762,184902,11.5,22226,192747,11.1,24215,218268,11.1,26950,243375,11.5,28767,250543,11.9,30558,256540,12.8,33089,259339,13.5,35530,262451,14.4,38007,263162,15.3,40217,262084
"대구광역시",군위군,-,-,-,-,-,-,-,-,-,-,-,-,-,-,-,-,-,-,-,-,-,-,-,-,-,-,-,-,-,-,-,-,-,44.9,10311,22988
"인천광역시",소계,9.4,267059,2843981,9.8,282471,2879782,10.3,297951,2902608,10.7,312905,2925815,11.0,324255,2943069,11.7,345024,2948542,12.3,362675,2954642,13.0,384548,2957026,14.0,411483,2942828,14.8,435431,2948375,15.6,463850,2967314,16.6,497057,2997410
"인천광역시",중구,12.9,12766,98648,13.0,13993,107774,13.3,14878,111929,13.5,15410,114493,13.7,15737,115249,14.1,16643,117999,14.3,17482,122499,14.1,19076,135135,14.7,20531,139729,15.1,21735,143633,15.3,23366,152931,15.7,24912,158958
"인천광역시",동구,14.7,11250,76720,15.5,11666,75093,16.4,12108,73978,17.2,12465,72571,17.8,12639,71014,19.0,13168,69487,20.0,13254,66233,21.3,13751,64427,23.1,14453,62542,23.9,14670,61486,24.9,14703,58999,25.6,15240,59482
"인천광역시",남구,11.7,48523,414500,12.4,50852,411330,13.0,53231,408305,13.6,55214,404893,13.8,57437,417103,14.5,60758,419267,-,-,-,-,-,-,-,-,-,-,-,-,-,-,-,-,-,-
"인천광역시",연수구,7.4,21640,292589,7.7,22994,300305,7.8,24357,310703,8.0,25593,319052,8.2,26893,328627,8.6,28922,335142,9.0,31227,346359,9.4,34346,366550,9.9,38190,387450,10.5,41021,389644,11.4,44014,385796,12.2,47731,392416
"인천광역시",남동구,8.4,42370,503597,8.9,44892,507021,9.3,47905,514656,9.7,51768,531395,10.2,53961,530982,10.9,58429,536578,11.6,62248,537161,12.5,66423,532704,13.6,71468,525354,14.6,75633,518272,15.8,80000,506181,17.4,85478,492415
"인천광역시",부평구,9.2,51401,559047,9.7,53902,556985,10.2,56601,556992,10.7,59354,555844,11.1,60940,549716,11.8,63959,539941,12.7,66424,524640,13.6,69549,511577,14.8,73424,494962,15.7,76493,486765,16.7,81584,489118,17.7,87260,494138
"인천광역시",계양구,7.2,24684,342202,7.6,26219,343806,8.1,27490,339538,8.6,28611,334332,9.0,29762,330284,9.8,31729,323784,10.6,33119,312680,11.5,35043,303471,12.8,37947,296750,13.8,40840,295696,15.1,43724,288856,16.8,47042,280266
"인천광역시",서구,7.0,33059,469887,7.3,35832,490035,7.7,38343,498686,8.1,40711,504606,8.4,42719,510733,8.9,46129,516017,9.3,49975,538596,9.9,53691,544556,10.7,58087,542040,11.4,63203,555380,11.9,69831,589013,12.4,77384,624358
"인천광역시",미추홀구,-,-,-,-,-,-,-,-,-,-,-,-,-,-,-,-,-,-,15.1,62833,416542,16.1,65642,408862,17.1,69074,404343,17.7,72320,407464,18.7,75765,406004,19.7,79880,405995
"인천광역시",강화군,26.0,17363,66752,27.0,18002,66735,27.9,18736,67118,28.5,19308,67667,28.8,19600,68010,29.7,20451,68754,30.7,21148,68896,31.7,21902,69178,33.0,22824,69203,34.1,23751,69693,35.5,24763,69803,37.2,25691,69005
"인천광역시",옹진군,20.0,4003,20039,19.9,4119,20698,20.8,4302,20703,21.3,4471,20962,21.4,4567,21351,22.4,4836,21573,23.6,4965,21036,24.9,5125,20566,26.8,5485,20455,28.3,5765,20342,29.6,6100,20613,31.6,6439,20377
"광주광역시",소계,9.9,144732,1469216,10.3,151874,1472910,10.8,159822,1475884,11.3,166389,1472199,11.7,172572,1469214,12.4,180862,1463770,12.8,187186,1459336,13.4,195479,1456468,14.2,205666,1450062,14.8,213291,1441611,15.6,222970,1431050,16.5,233878,1419237
"광주광역시",동구,16.8,17758,105580,17.8,18297,103016,18.8,18919,100786,19.6,19340,98784,20.3,19413,95791,21.0,20047,95448,21.5,20337,94475,21.4,21138,98585,21.6,22196,102897,21.9,22646,103470,22.1,23419,105909,22.6,24239,107176
"광주광역시",서구,9.3,29295,316545,9.8,30799,315276,10.4,32286,310317,11.0,33555,305028,11.4,35214,309579,12.1,36991,306957,12.6,38468,304172,13.4,40246,300975,14.3,42471,296576,15.1,43949,291231,16.0,45985,287401,17.0,48395,283991
"광주광역시",남구,12.2,26553,218313,12.8,27780,216254,13.5,29591,219815,14.0,30921,221318,14.6,32184,219729,15.4,33727,218454,16.0,34677,216369,16.6,36162,218060,17.6,37715,214579,18.1,39103,215575,19.2,40740,212379,20.3,42485,209646
"광주광역시",북구,9.9,44097,443677,10.5,46660,445489,11.0,49182,447685,11.5,51519,446316,12.2,53694,441066,12.9,56532,438780,13.4,58793,439773,14.2,61446,433533,15.1,64829,430431,15.8,67575,427114,16.7,70834,424707,17.6,74406,421683
"광주광역시",광산구,7.0,27029,385101,7.2,28338,392875,7.5,29844,397281,7.7,31054,400753,8.0,32067,403049,8.3,33565,404131,8.6,34911,404547,9.0,36487,405315,9.5,38455,405579,9.9,40018,404221,10.5,41992,400654,11.2,44353,396741
"대전광역시",소계,9.4,142979,1524583,9.8,150651,1532811,10.3,158329,1531809,10.9,165528,1518775,11.3,171568,1514370,12.0,180667,1502227,12.7,188530,1489936,13.5,198691,1474870,14.4,210784,1463882,15.2,221207,1452251,16.1,232663,1446072,17.0,244756,1442216
"대전광역시",동구,12.3,31018,251945,12.9,32348,250653,13.7,33663,245493,14.6,35002,239579,15.2,35763,234959,16.2,37240,230516,16.9,38664,229071,17.9,40621,226771,19.1,42533,223021,19.9,44157,222222,20.9,45895,219751,21.9,47641,217628
"대전광역시",중구,12.4,32682,264125,13.0,34483,264913,13.9,36214,261165,14.6,37485,256186,15.2,38468,252490,16.2,40354,248933,17.0,41625,244421,18.2,43648,240473,19.4,45701,235550,20.5,47147,230341,21.4,48714,227108,22.7,50631,223256
"대전광역시",서구,8.1,40172,496513,8.5,42495,498917,9.0,44745,496132,9.6,46988,490859,10.0,49080,491011,10.6,51821,487448,11.2,54225,484663,11.9,57201,481222,12.8,61027,477880,13.6,64348,473365,14.4,67924,470374,15.4,71534,464634
"대전광역시",유성구,6.5,19901,306312,6.7,21120,313968,6.9,22618,327461,7.2,24154,335312,7.4,25474,343222,7.9,27420,348428,8.4,29219,349790,8.9,31182,349373,9.6,33654,351047,10.3,36061,351277,10.9,38846,356093,11.4,41897,366845
"대전광역시",대덕구,9.3,19206,205688,9.9,20205,204360,10.5,21089,201558,11.1,21899,196839,11.8,22783,192688,12.8,23832,186902,13.6,24797,181991,14.7,26039,177031,15.8,27869,176384,16.8,29494,175046,18.1,31284,172746,19.5,33053,169853
"울산광역시",소계,7.5,85736,1147256,7.9,91521,1156480,8.3,97250,1166377,8.8,103205,1173534,9.3,108768,1172304,10.0,116633,1165132,10.7,123919,1155623,11.5,132565,1148019,12.6,143367,1136017,13.6,152961,1121592,14.7,163812,1110663,15.9,175709,1103661
"울산광역시",중구,8.6,20138,233013,9.2,21530,234607,9.7,23136,238825,10.1,24621,244481,10.8,26082,242536,11.7,27853,238652,12.7,29405,231973,13.9,31023,223581,15.3,33231,217595,16.5,35062,212883,17.8,37123,208132,18.9,39470,208668
"울산광역시",남구,6.6,22962,346836,7.1,24848,349064,7.6,26415,347759,8.1,27956,343598,8.6,29400,340714,9.4,31629,335439,10.2,33804,330732,11.2,36318,323819,12.2,39173,320064,13.2,41430,313819,14.3,44319,310638,15.4,47347,307232
"울산광역시",동구,6.1,10786,175479,6.6,11719,178468,7.1,12496,176668,7.6,13382,174963,8.2,14370,174514,9.2,15672,169605,10.2,16783,164642,11.4,18189,159656,12.7,19955,156806,13.9,21417,154096,15.2,23123,151711,16.6,25291,152287
"울산광역시",북구,5.6,10318,184088,5.9,10879,185695,6.1,11517,188733,6.4,12218,191063,6.6,12985,195285,7.0,14053,200718,7.3,14984,206434,7.6,16449,217796,8.2,18025,219014,9.0,19728,218735,9.8,21490,218670,10.8,23347,216477
"울산광역시",울주군,10.4,21532,207840,10.8,22545,208646,11.0,23686,214392,11.4,25028,219429,11.8,25931,219255,12.4,27426,220718,13.0,28943,221842,13.7,30586,223167,14.8,32983,222538,15.9,35324,222059,17.0,37757,221512,18.4,40254,218997
"세종특별자치시",소계,15.2,17214,113117,14.7,17958,122153,12.7,19777,156125,10.6,22399,210884,10.0,24197,243048,9.6,26851,280100,9.3,29178,314126,9.4,31949,340575,9.8,34881,355831,10.1,37463,371895,10.5,40219,383591,11.0,42560,386525
"경기도",소계,9.4,1135242,12093299,9.8,1195523,12234630,10.2,1254445,12357830,10.5,1318882,12522606,10.8,1374475,12716780,11.4,1467835,12873895,11.9,1551801,13077153,12.5,1651341,13239666,13.2,1775315,13427014,13.9,1881464,13565450,14.7,1992807,13589432,15.6,2122718,13630821
"경기도",수원시,7.5,84211,1120258,7.8,89227,1148157,8.0,94472,1174228,8.4,99750,1184624,8.7,103992,1194041,9.3,111667,1202628,9.8,117256,1201166,10.4,123647,1194465,11.1,131936,1186078,11.7,139075,1183714,12.4,147122,1190964,13.1,157336,1197257
"경기도",성남시,9.5,92664,978615,10.0,97608,979534,10.5,101943,974608,11.0,106386,971424,11.3,109744,974580,11.9,115526,967510,12.6,120100,954347,13.3,125807,942724,14.2,133221,940064,14.8,138091,930948,15.7,144800,922518,16.6,152855,919747
"경기도",의정부시,10.8,46222,429147,11.3,48701,430976,11.8,50891,431112,12.3,53282,433937,12.6,55396,438457,13.2,58509,441584,13.7,61413,447026,14.4,65272,451868,15.2,70369,461710,15.9,73525,463661,16.7,77555,463724,17.7,82104,464213
"경기도",안양시,8.6,52773,611412,9.1,55180,607877,9.5,57295,600809,10.0,59809,597789,10.3,61675,597414,11.0,64655,587764,11.7,67680,576831,12.6,71643,567044,13.7,75581,550027,14.5,79282,547178,15.4,84390,548228,16.5,90026,544660
"경기도",부천시,8.2,70920,869944,8.7,74733,863720,9.2,78455,855586,9.7,82410,848987,10.1,86218,851380,10.9,92537,850329,11.6,97670,843768,12.5,104089,829996,13.7,111952,818383,14.7,118668,806067,15.9,125752,790128,17.2,134331,779968
"경기도",광명시,8.8,31301,355560,9.2,32599,353100,9.7,33980,348560,10.3,35511,344978,10.8,36549,339484,11.5,38321,332790,12.2,39869,326841,13.1,41397,316552,14.0,41683,298599,14.7,43045,292893,15.7,45128,287945,16.7,46870,280197
"경기도",평택시,10.6,45938,434305,10.8,47683,442034,11.0,49568,449555,11.2,51536,460532,11.3,53090,470832,11.6,55926,481530,11.8,58483,495642,12.1,61910,513027,12.4,66486,537307,12.4,70123,564288,12.7,73372,578529,13.2,77785,591022
"경기도",동두천시,14.2,13791,97175,14.8,14477,97557,15.4,14989,97595,15.9,15626,97974,16.5,16172,98277,17.5,16961,97071,18.4,17695,96226,19.4,18344,94768,20.6,19397,94353,21.3,19926,93592,22.4,20464,91546,24.1,21372,88626
"경기도",안산시,6.9,49523,715108,7.2,51663,713666,7.6,53780,707876,8.0,55613,697885,8.3,57150,689859,8.9,60087,677710,9.5,62654,660343,10.2,66438,650918,10.9,71620,654915,11.7,76366,652726,12.7,81511,641660,13.9,87389,629308
"경기도",고양시,9.7,93853,969916,10.0,99028,990571,10.3,104096,1006154,10.7,110050,1027546,11.0,114092,1039684,11.5,120333,1041983,12.1,126572,1044189,12.7,135272,1066351,13.5,145710,1079216,14.3,154134,1079353,15.1,163080,1076535,16.1,173057,1074907
"경기도",과천시,10.2,7258,71068,10.6,7508,70578,11.0,7727,70156,11.5,7929,68946,12.1,7735,63778,13.0,7474,57527,13.4,7762,58142,13.9,8084,58289,14.2,8994,63231,14.1,10358,73345,14.3,11140,78137,14.5,11771,81000
"경기도",구리시,8.9,17158,192341,9.4,17915,189680,9.9,18528,186820,10.4,19368,186721,10.6,20623,193763,11.2,22362,200042,11.7,23800,203553,12.6,25159,199265,13.7,26962,197454,14.5,27820,191948,15.5,29173,188701,16.6,31009,187093
"경기도",남양주시,9.9,59429,599539,10.3,63530,618305,10.7,67875,636256,11.1,72414,653454,11.5,75986,662154,12.3,81688,665321,12.7,86681,681828,13.3,93007,701830,14.1,100537,713321,14.8,108285,733798,15.6,115165,737353,16.7,121931,732265
"경기도",오산시,6.6,13189,200291,6.8,14003,205460,7.1,14714,208565,7.4,15364,206828,7.7,16015,208656,8.1,17373,213437,8.4,18589,220070,8.9,20257,226379,9.6,22060,229725,10.3,23589,229983,11.0,25237,229849,11.7,26964,229656
"경기도",시흥시,6.7,26709,399485,7.0,27839,396765,7.3,28835,394639,7.6,30190,398256,7.9,31650,402888,8.2,34511,419664,8.4,37552,448687,8.7,41403,473682,9.3,46782,500895,9.9,50915,512030,10.7,54756,512912,11.5,59745,519715
"경기도",군포시,8.4,24089,286841,8.8,25080,286344,9.1,26326,288408,9.6,27501,287519,10.0,28530,284890,10.8,30278,281205,11.5,31712,276916,12.2,33726,275852,13.3,36416,273791,14.3,38296,268535,15.3,40752,266213,16.7,43569,261229
"경기도",의왕시,8.8,13657,154757,9.3,14793,159772,9.8,15556,158482,10.4,16338,157740,10.8,16912,156763,11.7,18198,155767,12.4,19146,153932,12.9,20823,161153,13.6,22280,163795,14.5,23644,163356,15.6,24954,160221,16.7,26477,158870
"경기도",하남시,10.5,15315,146269,11.2,16191,145096,11.6,17346,148896,11.6,19325,166713,11.0,23306,211101,11.5,26820,232487,11.9,30309,254415,12.3,33597,272455,12.8,37573,293452,13.0,41540,320087,13.7,44618,326059,14.4,47583,329861
"경기도",용인시,9.5,87192,915959,9.9,93099,941477,10.2,98344,961026,10.7,104118,975746,11.0,108968,991126,11.6,116882,1004081,12.1,125066,1035126,12.6,133817,1059609,13.3,143096,1074176,13.9,150263,1077508,14.6,157226,1074971,15.4,165767,1075566
"경기도",파주시,11.1,43695,394201,11.4,45783,401718,11.7,48009,411348,11.9,50440,423321,12.1,51980,430781,12.5,54881,437848,12.8,57889,451848,13.4,60663,454040,13.9,64915,465617,14.3,69084,483245,14.8,73543,495315,15.7,78257,497753
"경기도",이천시,10.8,22216,204917,11.2,23022,205479,11.6,23870,205014,12.0,24629,204935,12.1,25380,210359,12.6,26935,213142,13.1,27988,214206,13.5,29245,215834,14.3,31134,218388,14.8,33034,223177,15.6,34750,222721,16.6,36905,222098
"경기도",안성시,13.0,23692,181608,13.4,24354,182173,13.7,24990,181896,14.3,25846,180199,14.5,26606,182896,15.4,28134,182786,16.0,29319,183579,16.8,30729,183405,17.6,32844,187012,18.3,34629,189534,19.2,36284,188842,20.2,38191,189034
"경기도",김포시,10.2,29408,287432,10.4,32542,312305,10.5,35706,340310,10.9,38039,349990,11.1,40505,363443,11.4,44611,392092,11.5,48532,423170,12.0,52278,437221,12.3,58124,473970,12.9,62780,486508,13.8,66858,484267,14.7,71702,486172
"경기도",화성시,8.0,41897,525490,8.3,43822,530251,8.5,45860,540862,8.3,49417,596525,8.3,52875,640890,8.4,58053,691086,8.4,63520,758722,8.5,69434,815396,8.9,76180,855248,9.3,82470,887015,9.8,89334,910814,10.3,97343,944342
"경기도",광주시,9.5,26215,275656,9.8,28200,286699,10.2,30441,298858,10.5,32816,312579,10.7,35203,327723,11.3,39203,345947,11.8,42843,363782,12.4,46344,372654,13.4,51079,382054,14.3,55328,387289,15.2,59448,391462,16.4,64032,391377
"경기도",양주시,11.2,22338,200310,11.8,23439,199143,12.2,24607,202072,12.7,25998,205184,13.0,26708,205513,13.7,29098,212146,14.3,31121,216951,15.0,33412,222314,15.7,36245,230359,16.5,39036,236368,17.2,41886,243432,17.2,46170,268026
"경기도",포천시,13.8,21753,157559,14.4,22541,156603,14.9,23279,155798,15.4,23892,155192,15.7,24292,154763,16.6,25451,152925,17.5,26306,150676,18.6,27615,148379,19.9,29314,147274,20.9,31080,148939,22.4,32863,146701,24.3,34863,143323
"경기도",여주시,-,-,-,16.7,18227,109343,16.9,18674,110386,17.3,19233,111033,17.7,19778,111563,18.8,21083,111984,19.7,21959,111525,20.8,23068,111083,21.9,24475,111897,23.1,25854,112150,24.1,27269,113150,25.3,28895,114412
"경기도",경기 여주군,16.1,17619,109550,-,-,-,-,-,-,-,-,-,-,-,-,-,-,-,-,-,-,-,-,-,-,-,-,-,-,-,-,-,-,-,-,-
"경기도",연천군,20.5,9347,45599,21.0,9594,45610,21.8,9887,45363,21.9,10030,45725,22.1,10162,45907,22.9,10423,45431,23.8,10611,44633,25.1,10990,43824,26.4,11490,43516,27.7,11814,42721,29.3,12319,42062,31.0,12882,41584
"경기도",가평군,19.9,12076,60794,20.5,12518,61017,21.0,12874,61213,21.5,13350,62008,21.7,13569,62448,22.7,14271,62973,23.5,14802,62918,24.7,15423,62415,26.2,16324,62377,27.4,17035,62264,28.7,17841,62150,30.0,18713,62302
"경기도",양평군,19.4,19794,102193,19.9,20624,103620,20.4,21528,105379,20.9,22672,108316,21.2,23614,111367,22.2,25584,115105,23.2,26902,116095,24.3,28448,116874,25.7,30536,118810,26.7,32375,121230,28.0,34217,122323,29.4,36824,125238
"강원특별자치도",소계,15.7,241694,1538630,16.2,249539,1542263,16.6,255930,1544442,16.9,261671,1549507,17.2,266152,1550806,18.1,279976,1550142,18.8,289386,1543052,19.6,302886,1541502,20.7,319691,1542840,21.7,333176,1538492,22.8,349874,1536498,24.0,366555,1527807
"강원특별자치도",춘천시,14.0,38278,273364,14.4,39467,274455,14.6,40376,275791,14.8,41092,277997,14.9,41699,280707,15.7,43914,280514,16.2,45532,280640,16.9,47645,281291,17.9,50567,282765,18.6,52955,284594,19.5,55802,286664,20.5,58611,286426
"강원특별자치도",원주시,11.6,37620,323885,11.9,38812,324837,12.2,39862,327292,12.3,41104,332995,12.5,42246,337979,13.3,45246,341337,13.7,47200,344070,14.3,49983,349215,15.1,53390,354376,15.9,56771,357757,16.8,60755,360807,17.8,64487,361503
"강원특별자치도",강릉시,15.4,33639,217741,16.1,34855,216806,16.7,36009,215807,17.2,36924,214560,17.6,37679,213846,18.6,39784,213952,19.4,41214,212957,20.2,43113,213442,21.3,45484,213321,22.2,47318,212965,23.5,49575,211381,24.7,51700,209439
"강원특별자치도",동해시,14.2,13379,93897,14.7,14006,95143,15.3,14456,94562,15.9,14891,93895,16.2,15124,93297,17.1,15881,92851,18.1,16526,91272,19.2,17338,90522,20.2,18293,90593,21.1,19039,90081,22.3,19983,89426,23.5,20861,88625
"강원특별자치도",태백시,16.2,8014,49493,17.2,8379,48794,18.1,8716,48258,19.0,9010,47501,19.7,9266,47070,21.0,9626,45888,22.2,9940,44858,23.5,10324,43866,25.2,10760,42719,26.4,10802,40844,27.8,10964,39428,29.2,11300,38702
"강원특별자치도",속초시,13.8,11532,83579,14.3,11894,83109,14.9,12261,82432,15.2,12487,81992,15.6,12752,81793,16.4,13464,82273,17.1,13952,81682,18.1,14816,81786,19.2,15874,82665,20.1,16673,82791,21.2,17551,82806,22.5,18496,82054
"강원특별자치도",삼척시,18.6,13454,72463,19.1,13916,73023,19.7,14245,72314,20.5,14527,70839,21.0,14610,69599,22.0,15093,68514,22.7,15481,68326,23.8,16004,67228,25.4,16572,65243,26.6,16884,63429,27.5,17460,63455,28.8,18014,62651
"강원특별자치도",홍천군,19.9,13852,69727,20.0,14159,70638,20.4,14400,70451,21.0,14739,70336,21.3,14933,70076,22.6,15899,70340,23.5,16406,69949,24.8,17173,69150,26.2,18133,69242,27.9,19086,68365,29.7,20163,67977,31.6,21287,67309
"강원특별자치도",횡성군,23.0,10277,44615,23.7,10631,44937,23.9,10834,45373,24.2,11095,45777,24.6,11323,45991,26.0,12025,46281,26.6,12445,46726,27.9,12989,46575,29.5,13701,46472,31.1,14453,46481,32.7,15222,46532,34.6,16038,46359
"강원특별자치도",영월군,22.7,9120,40155,23.4,9391,40150,23.9,9602,40191,24.3,9782,40216,24.7,9915,40073,25.9,10374,40067,26.9,10669,39730,28.2,11024,39127,29.7,11498,38662,31.0,11735,37904,32.4,12211,37728,34.0,12705,37332
"강원특별자치도",평창군,20.6,8992,43627,21.3,9318,43666,21.8,9530,43660,22.3,9694,43500,22.7,9837,43318,24.1,10399,43092,25.1,10675,42610,26.6,11200,42106,28.4,11831,41681,30.0,12293,40996,31.5,12896,40990,33.2,13501,40659
"강원특별자치도",정선군,20.5,8185,39915,21.3,8503,39985,22.1,8709,39425,22.6,8872,39197,23.3,9008,38718,24.4,9329,38173,25.2,9508,37700,26.4,9837,37271,28.0,10317,36870,29.2,10423,35675,31.0,10846,34931,32.9,11250,34202
"강원특별자치도",철원군,17.7,8479,47968,18.4,8713,47473,18.7,8899,47590,18.6,9060,48799,19.0,9112,48013,19.6,9264,47185,20.4,9464,46413,21.6,9830,45584,22.8,10171,44699,23.8,10318,43340,25.2,10657,42256,26.8,11093,41448
"강원특별자치도",화천군,18.4,4603,25020,18.6,4668,25079,17.7,4791,27143,17.8,4821,27020,18.3,4806,26264,19.0,4946,26022,20.2,5064,25084,21.3,5319,24917,22.6,5609,24857,23.7,5727,24195,25.3,5909,23388,26.7,6136,23007
"강원특별자치도",양구군,17.0,3887,22799,17.0,4009,23594,17.0,4051,23888,16.9,4082,24089,17.1,4108,24010,17.9,4259,23835,18.5,4324,23408,19.7,4493,22764,21.1,4702,22278,22.5,4893,21748,23.7,5072,21383,25.1,5278,21056
"강원특별자치도",인제군,16.6,5396,32456,16.8,5472,32517,17.1,5537,32475,16.8,5573,33255,17.1,5602,32720,18.0,5859,32582,18.7,6014,32136,19.6,6194,31672,20.6,6530,31694,21.4,6899,32165,22.6,7269,32206,23.8,7627,32020
"강원특별자치도",고성군,21.9,6600,30124,22.2,6761,30398,22.8,6888,30269,23.3,6996,30060,23.7,7151,30114,24.3,7300,30029,26.4,7416,28144,28.1,7659,27260,29.7,7945,26757,30.2,8236,27249,31.2,8517,27274,32.1,8773,27305
"강원특별자치도",양양군,23.0,6387,27802,23.8,6585,27659,24.6,6764,27521,25.2,6922,27479,25.6,6981,27218,26.9,7314,27207,27.6,7556,27347,28.7,7945,27726,29.8,8314,27946,31.1,8671,27913,32.4,9022,27866,33.9,9398,27710
"충청북도",소계,13.7,215245,1565628,14.1,222188,1572732,14.5,228900,1578933,14.8,234813,1583952,15.1,240690,1591625,15.8,252434,1594432,16.4,261763,1599252,17.1,273425,1600007,18.0,288148,1600837,18.9,301516,1597427,19.9,316939,1595058,20.8,332237,1593469
"충청북도",충북 청주시,8.6,57500,666852,9.0,60509,672904,-,-,-,-,-,-,-,-,-,-,-,-,-,-,-,-,-,-,-,-,-,-,-,-,-,-,-,-,-,-
"충청북도",충주시,15.2,31704,208447,15.6,32525,208115,16.0,33312,208527,16.3,33948,207913,16.7,34790,208350,17.6,36703,208316,18.1,38138,210504,18.9,39811,210737,19.9,41852,210186,20.9,43795,209358,22.1,45952,208277,23.1,48022,207778
"충청북도",제천시,15.8,21701,137521,16.3,22407,137204,16.8,23048,136805,17.3,23594,136138,17.7,24131,136517,18.8,25691,136432,19.7,26619,135386,20.6,27790,134617,22.0,29256,133018,23.3,30632,131591,24.5,32145,130988,25.9,33722,130194
"충청북도",청주시,-,-,-,-,-,-,10.3,86048,831521,10.7,88656,831912,11.0,91553,835197,11.5,96483,835590,12.0,100841,837749,12.7,106373,839566,13.4,113322,844993,14.1,119867,848482,15.0,127054,849573,15.8,134501,852189
"충청북도",충북 청원군,14.2,22037,154780,14.5,22528,155002,-,-,-,-,-,-,-,-,-,-,-,-,-,-,-,-,-,-,-,-,-,-,-,-,-,-,-,-,-,-
"충청북도",보은군,28.4,9766,34438,28.7,9853,34318,29.3,10020,34240,29.5,10124,34296,29.8,10187,34221,30.7,10461,34053,31.6,10648,33680,33.1,10909,32949,34.6,11217,32412,36.1,11506,31878,37.5,11795,31455,39.3,12177,31010
"충청북도",옥천군,22.4,11950,53244,23.2,12232,52763,23.9,12550,52469,24.7,12932,52404,25.4,13255,52267,26.5,13720,51766,27.4,14123,51465,28.5,14557,51023,29.8,15080,50527,31.1,15581,50093,32.8,16265,49520,34.1,16665,48891
"충청북도",영동군,25.3,12805,50663,25.8,13054,50539,26.3,13360,50803,26.9,13621,50693,27.2,13750,50552,28.1,14111,50240,28.9,14373,49715,30.0,14601,48738,31.8,15082,47475,33.4,15295,45773,35.1,15767,44956,36.6,16161,44195
"충청북도",진천군,15.7,9980,63458,15.9,10296,64606,16.3,10648,65174,16.2,10988,67981,16.2,11306,69950,16.1,11889,73677,15.8,12395,78218,16.0,13002,81084,16.4,13762,83718,16.9,14427,85176,17.7,15286,86147,18.5,15933,86254
"충청북도",괴산군,28.2,10621,37713,28.5,10841,38059,29.1,11171,38351,29.5,11454,38787,29.7,11592,38973,30.5,11898,39054,30.9,12103,39133,32.0,12527,39163,33.4,13157,39393,35.6,13562,38122,37.6,13947,37055,39.6,14476,36590
"충청북도",음성군,16.4,15243,92980,16.7,15618,93505,16.9,16083,95324,17.1,16517,96396,17.3,16906,97787,18.2,17685,97306,19.1,18303,95830,20.1,19067,94982,21.4,19978,93153,22.5,20783,92197,23.7,21808,92058,25.0,22823,91183
"충청북도",단양군,23.3,7273,31253,24.0,7495,31171,24.9,7708,30948,25.5,7829,30761,25.9,7897,30503,27.0,8167,30215,27.7,8374,30255,29.1,8645,29756,31.0,9026,29155,32.8,9286,28331,34.8,9656,27767,36.3,10063,27701
"충청북도",증평군,13.6,4665,34279,14.0,4830,34546,14.2,4952,34771,14.0,5150,36671,14.3,5323,37308,14.9,5626,37783,15.7,5846,37317,16.4,6143,37392,17.4,6416,36807,18.6,6782,36426,19.5,7264,37262,20.5,7694,37484
"충청남도",소계,15.3,309840,2028777,15.6,320195,2047631,16.0,330807,2062273,16.4,341214,2077649,16.7,350108,2096727,17.1,362946,2116770,17.5,372515,2126282,18.2,386674,2123709,19.1,405188,2121029,19.8,419979,2119257,20.6,436895,2123037,21.3,454534,2130119
"충청남도",천안시,8.3,48155,581988,8.5,50474,591089,8.8,52610,598346,9.1,54835,605776,9.2,57001,617955,9.6,60562,631531,9.8,63526,646075,10.3,67177,652258,11.0,72151,658808,11.6,76090,658486,12.3,80766,657559,13.1,85875,655959
"충청남도",공주시,18.7,21894,117298,19.3,22474,116369,20.3,23092,113621,21.4,23779,111261,22.0,24213,109931,23.1,25008,108432,23.7,25546,107581,24.8,26448,106474,26.5,27675,104545,27.6,28478,103145,28.7,29452,102571,29.9,30500,102104
"충청남도",보령시,19.4,20453,105559,20.1,21139,104938,20.9,21817,104321,21.4,22460,104754,22.1,22968,103873,22.9,23622,103198,23.6,24116,101990,24.7,24988,101114,26.2,26211,100229,27.3,26851,98408,28.6,27741,97157,29.8,28525,95772
"충청남도",아산시,10.7,30079,280490,10.9,31374,287073,11.1,32581,293954,11.4,33862,297737,11.6,35067,302929,11.9,36969,311453,12.2,38206,312822,12.7,40045,314395,13.4,42355,316129,13.7,44602,324580,14.1,47012,334539,14.4,49677,345796
"충청남도",서산시,14.8,24195,163315,15.1,25115,165837,15.6,26187,167611,16.0,27148,170099,16.4,28030,170788,16.9,29012,171678,17.2,29878,174162,17.8,31101,174690,18.5,32436,175591,19.2,33834,176645,20.0,35323,176413,20.9,36822,176011
"충청남도",논산시,20.3,25728,126653,20.9,26363,125844,21.6,26997,124784,22.2,27608,124232,22.8,28057,123213,23.4,28630,122240,24.3,29161,120230,25.3,30106,118842,26.7,31095,116675,27.8,31783,114483,29.0,32616,112617,30.3,33458,110423
"충청남도",계룡시,7.7,3203,41550,8.0,3292,40957,8.5,3446,40552,8.6,3595,41730,9.0,3847,42634,9.5,4175,43967,10.2,4446,43731,11.1,4764,42971,12.0,5141,42822,12.7,5506,43331,13.4,5974,44475,14.0,6552,46667
"충청남도",당진시,15.7,24328,155104,15.8,25140,159615,16.0,25975,162844,16.3,26853,165122,16.5,27445,166630,17.0,28386,167439,17.3,28986,167770,17.9,29933,167042,18.8,31331,166249,19.5,32517,167092,20.2,33915,168253,20.7,35271,170302
"충청남도",금산군,24.0,13357,55715,24.7,13670,55441,25.4,14019,55166,26.1,14327,54879,26.7,14606,54612,27.8,14982,53894,28.5,15181,53222,29.9,15613,52257,31.3,16075,51413,32.7,16507,50477,34.1,17077,50092,35.1,17579,50093
"충청남도",부여군,26.2,19214,73259,26.9,19532,72547,28.0,20078,71754,28.9,20530,71143,29.6,20772,70187,30.7,21209,69086,31.6,21508,68078,33.0,22051,66740,34.7,22683,65354,36.4,23199,63774,37.9,23657,62343,39.4,24032,61046
"충청남도",서천군,28.0,16491,58920,28.9,16911,58441,29.8,17192,57713,30.7,17453,56910,31.4,17584,56012,32.5,17931,55175,33.5,18048,53922,34.9,18417,52805,36.6,18988,51866,38.1,19315,50745,39.2,19592,49964,40.6,19942,49116
"충청남도",청양군,29.5,9481,32087,30.2,9704,32155,30.9,9976,32248,31.3,10179,32485,31.5,10329,32753,31.8,10458,32837,32.6,10516,32296,33.9,10762,31717,35.7,11059,30948,37.1,11292,30440,38.0,11506,30266,39.1,11795,30168
"충청남도",홍성군,21.2,18735,88415,21.5,19306,89704,21.8,20006,91866,21.8,20625,94553,21.3,21315,99971,21.6,21895,101570,22.1,22363,101082,22.9,22991,100423,24.0,24005,100102,24.8,24603,99324,25.7,25234,98068,26.7,25994,97524
"충청남도",예산군,23.3,19970,85876,24.0,20480,85205,24.8,21036,84919,25.9,21607,83484,27.1,22006,81339,28.1,22601,80338,28.8,23067,80083,29.9,23711,79238,31.5,24627,78084,32.9,25262,76801,33.7,26059,77385,34.2,26776,78354
"충청남도",태안군,23.3,14557,62548,24.4,15221,62416,25.2,15795,62574,25.8,16353,63484,26.4,16868,63900,27.4,17506,63932,28.4,17967,63238,29.6,18567,62743,31.1,19356,62214,32.7,20140,61526,34.2,20971,61335,35.8,21736,60784
"전북특별자치도",소계,16.2,303586,1873341,16.7,312764,1872965,17.2,322626,1871560,17.8,333524,1869711,18.3,341203,1864791,18.9,351282,1854607,19.5,358410,1836832,20.4,370676,1818917,21.4,386203,1804104,22.3,397619,1786855,23.2,410619,1769607,24.1,423128,1754757
"전북특별자치도",전주시,10.5,68434,648863,11.0,71736,650082,11.5,75226,652877,12.1,78948,652282,12.5,81555,651744,13.1,85157,648964,13.6,88563,651091,14.2,93161,654394,15.0,98562,657432,15.7,102985,657269,16.5,107357,651495,17.4,111617,642727
"전북특별자치도",군산시,13.2,36763,278341,13.7,38073,278319,14.2,39555,278098,14.8,41317,278398,15.4,42810,277551,16.2,44580,274997,16.8,45913,272645,17.8,48059,270131,18.9,50700,267859,19.9,52714,265304,21.0,54997,262467,21.9,57042,259980
"전북특별자치도",익산시,13.8,42234,306469,14.3,43731,306539,14.9,45251,304117,15.6,47026,302061,16.2,48531,300479,16.8,50357,300187,17.5,51541,294062,18.6,53525,287771,19.9,56167,282276,20.9,58099,278113,21.9,60045,273697,23.0,62046,270036
"전북특별자치도",정읍시,21.9,26141,119392,22.6,26685,118328,23.3,27327,117183,24.1,27944,115977,24.5,28228,115173,25.1,28587,113776,25.7,28804,112169,26.7,29490,110541,27.9,30258,108508,28.7,30561,106487,29.8,31356,105081,30.8,31905,103620
"전북특별자치도",남원시,22.0,19121,87000,22.7,19611,86460,23.4,20003,85643,24.1,20468,84856,24.6,20711,84188,25.4,21167,83281,26.0,21444,82554,27.1,22050,81441,28.1,22694,80662,29.2,23223,79431,30.4,23691,77948,31.4,24126,76781
"전북특별자치도",김제시,25.2,23295,92317,25.9,23593,91218,26.7,24040,90108,27.6,24524,88721,28.3,24850,87782,28.9,25155,86926,29.6,25257,85331,30.6,25650,83895,31.9,26322,82450,33.1,26783,80913,33.8,27495,81455,34.3,27950,81430
"전북특별자치도",완주군,18.9,16294,86164,19.3,16788,86978,19.3,17430,90377,19.2,18326,95303,19.7,18813,95480,20.2,19377,95975,20.9,19780,94444,22.2,20438,92220,23.4,21410,91609,24.4,22195,91142,24.8,22950,92422,24.7,24192,97827
"전북특별자치도",진안군,28.7,7736,26963,29.5,7872,26703,30.2,7996,26474,31.0,8110,26203,31.2,8133,26069,31.6,8309,26271,32.5,8435,25963,33.5,8613,25697,35.0,8898,25394,36.2,9053,24987,37.7,9260,24550,38.6,9433,24465
"전북특별자치도",무주군,27.8,7049,25321,28.3,7177,25398,28.5,7245,25390,29.5,7441,25220,30.2,7527,24949,31.0,7701,24809,31.4,7715,24589,32.5,7891,24303,33.6,8075,24036,34.3,8153,23748,35.7,8393,23489,36.8,8554,23251
"전북특별자치도",장수군,28.0,6493,23191,28.6,6641,23243,28.7,6700,23335,29.4,6832,23277,29.5,6974,23628,30.9,7111,23003,31.0,7198,23221,32.5,7304,22441,34.2,7557,22085,35.6,7716,21695,36.8,7852,21336,38.3,8030,20983
"전북특별자치도",임실군,30.4,9104,29956,31.0,9219,29739,31.2,9353,29966,31.5,9529,30271,31.6,9552,30197,32.1,9669,30162,32.5,9770,30072,34.0,9830,28902,36.4,9952,27314,37.8,10105,26730,38.7,10270,26508,39.9,10357,25956
"전북특별자치도",순창군,29.4,8832,30055,29.8,9024,30272,30.2,9160,30368,30.4,9184,30248,30.7,9193,29949,31.3,9286,29698,31.8,9279,29209,32.8,9312,28382,34.0,9455,27810,35.3,9481,26855,36.1,9647,26727,36.5,9779,26764
"전북특별자치도",고창군,27.6,16659,60440,28.0,16939,60522,28.9,17381,60090,29.4,17656,60046,29.5,17857,60597,30.0,18147,60472,31.7,18076,57041,33.1,18370,55504,34.4,18782,54529,35.7,19042,53386,37.0,19364,52338,38.3,19839,51750
"전북특별자치도",부안군,26.2,15431,58869,26.5,15675,59164,27.7,15959,57534,28.5,16219,56848,28.9,16469,57005,29.7,16679,56086,30.6,16635,54441,31.9,16983,53295,33.3,17371,52140,34.5,17509,50795,35.8,17942,50094,37.1,18258,49187
"전라남도",소계,19.2,366524,1909618,19.6,374565,1907172,20.1,383808,1905780,20.5,391837,1908996,21.0,398916,1903914,21.5,408451,1896424,21.9,413132,1882970,22.6,422548,1868745,23.5,435880,1851549,24.3,445198,1832803,25.2,457481,1817697,26.1,470874,1804217
"전라남도",목포시,11.3,27753,245073,12.0,28908,240936,12.6,30179,239109,13.1,31203,238382,13.6,32445,237739,14.4,33834,234379,15.0,34821,232327,15.7,36087,229861,16.9,37827,224044,17.9,39063,218589,18.8,40805,216939,19.8,42446,214156
"전라남도",여수시,13.6,39671,292217,14.2,41369,291366,14.9,43225,290900,15.5,44997,290168,16.1,46632,288988,17.0,48569,286382,17.5,49609,283300,18.4,51995,282786,19.5,54587,280242,20.4,56362,276762,21.4,58798,274765,22.5,61135,271696
"전라남도",순천시,12.1,33101,273798,12.4,34242,275668,12.8,35594,277188,13.2,36795,278765,13.6,37961,278548,14.1,39498,279331,14.5,40542,279389,15.1,42273,279598,15.8,44445,282189,16.4,46062,281436,17.2,48061,278737,18.2,50517,278137
"전라남도",나주시,24.5,21535,88067,24.8,21792,87754,24.7,22355,90669,23.4,22957,98182,22.5,23489,104376,22.0,24178,110110,21.7,24658,113839,22.0,25257,114664,22.5,25986,115613,22.9,26740,116726,23.6,27488,116456,24.1,28254,117377
"전라남도",광양시,9.6,14549,150837,9.9,15074,151621,10.3,15657,152097,10.7,16369,153587,10.9,17026,155580,11.4,17712,155857,11.7,18319,156564,12.3,19300,156750,13.3,20188,151769,13.9,20994,150531,14.7,22331,152168,15.5,23650,152666
"전라남도",담양군,26.0,12402,47612,26.7,12670,47365,27.4,12946,47177,28.1,13208,47009,28.2,13329,47229,28.8,13623,47285,29.4,13816,46917,30.0,13960,46535,31.2,14436,46280,31.7,14662,46180,32.9,15058,45792,33.9,15373,45373
"전라남도",곡성군,31.0,9562,30878,31.1,9634,31009,31.8,9782,30732,32.2,9862,30672,32.6,9912,30400,33.3,10035,30131,33.9,10028,29624,34.9,10084,28887,36.3,10185,28039,37.2,10233,27535,38.3,10368,27060,39.3,10576,26905
"전라남도",구례군,28.7,7784,27077,29.2,7919,27115,29.4,7997,27170,29.7,8119,27308,30.1,8250,27412,30.7,8447,27525,31.4,8510,27117,32.7,8676,26563,34.5,8882,25719,35.5,8968,25235,36.8,9069,24655,38.0,9246,24314
"전라남도",고흥군,33.8,24183,71560,34.6,24455,70631,35.7,24848,69641,36.6,25102,68601,37.5,25364,67656,38.2,25496,66736,38.9,25568,65777,39.8,25806,64913,41.1,26298,63922,42.2,26507,62762,43.2,26717,61880,44.3,27061,61113
"전라남도",보성군,31.2,14675,47050,31.9,14818,46385,32.9,15084,45882,33.5,15182,45349,34.3,15269,44469,35.3,15441,43755,35.9,15376,42803,37.3,15429,41420,38.5,15603,40482,39.9,15714,39375,41.2,15834,38471,42.3,15952,37686
"전라남도",화순군,21.4,14662,68378,22.0,14950,67829,22.7,15187,66772,23.4,15409,65848,23.8,15516,65303,24.5,15828,64680,25.0,15996,63933,26.0,16286,62737,26.9,16791,62522,27.5,17232,62624,28.5,17681,62024,29.7,18185,61254
"전라남도",장흥군,28.6,12211,42672,28.7,12342,43004,29.0,12506,43190,29.1,12641,43513,31.0,12610,40669,31.6,12682,40136,32.1,12611,39312,33.0,12720,38563,34.2,12928,37800,35.6,13022,36547,36.6,13061,35650,37.8,13264,35046
"전라남도",강진군,28.2,11335,40241,28.6,11482,40079,29.0,11564,39861,30.1,11656,38758,30.9,11655,37753,31.9,11773,36868,32.7,11828,36144,33.7,11883,35286,34.8,12035,34597,35.9,12131,33753,37.0,12278,33177,38.2,12505,32722
"전라남도",해남군,26.4,20593,78150,26.9,20899,77684,27.5,21159,76981,28.0,21362,76194,28.7,21549,75121,29.7,21862,73604,30.3,21811,71901,31.2,21957,70354,32.4,22293,68806,33.6,22562,67166,34.8,22912,65831,36.1,23293,64575
"전라남도",영암군,21.7,12994,59997,22.2,13087,59061,22.6,13315,58852,23.2,13459,58137,23.8,13574,57045,24.8,13777,55616,25.3,13835,54731,25.8,14074,54593,26.8,14400,53699,27.7,14648,52937,28.5,14929,52395,29.2,15298,52350
"전라남도",무안군,19.6,14839,75741,19.2,15262,79367,19.1,15592,81696,19.3,15875,82236,19.7,16175,82109,19.9,16467,82872,20.2,16599,81991,20.8,16858,81105,20.4,17528,86132,19.7,17986,91107,20.3,18423,90608,21.0,19000,90296
"전라남도",함평군,31.0,11077,35780,31.2,11115,35610,32.0,11233,35090,32.3,11263,34876,32.9,11302,34397,33.3,11447,34328,34.2,11421,33420,35.2,11564,32861,36.6,11720,32050,37.9,11867,31274,39.1,12051,30784,40.3,12326,30601
"전라남도",영광군,24.4,13965,57224,24.6,14197,57617,25.5,14493,56833,26.1,14710,56267,26.6,14773,55618,27.4,15002,54774,27.8,15045,54127,28.2,15194,53852,29.2,15488,53099,30.1,15641,51985,30.7,15999,52197,31.5,16281,51750
"전라남도",장성군,25.5,11798,46289,26.0,12046,46292,26.5,12263,46273,26.8,12445,46360,27.2,12546,46104,27.8,12805,46111,28.2,12936,45795,28.6,13067,45739,30.1,13400,44464,31.2,13536,43365,32.2,13879,43146,33.2,14143,42543
"전라남도",완도군,27.4,14751,53871,27.9,14978,53619,28.7,15249,53174,29.0,15369,53014,29.7,15623,52668,30.2,15760,52109,30.6,15734,51477,31.4,15921,50689,32.5,16244,49916,33.8,16452,48631,34.8,16544,47597,36.0,16776,46641
"전라남도",진도군,29.5,9796,33208,30.0,9888,32998,30.4,9953,32746,31.1,10116,32476,31.5,10105,32078,32.1,10191,31765,32.4,10111,31219,32.8,10085,30715,33.1,10325,31227,34.6,10405,30066,35.7,10540,29507,36.9,10679,28979
"전라남도",신안군,30.3,13288,43898,30.4,13438,44162,31.1,13627,43747,31.7,13738,43294,32.4,13811,42652,33.3,14024,42070,33.8,13958,41263,34.9,14072,40274,36.7,14291,38938,37.7,14411,38217,38.7,14655,37858,39.2,14914,38037
"경상북도",소계,16.2,437519,2698353,16.8,452417,2699440,17.3,467352,2700794,17.7,479634,2702826,18.2,492417,2700398,19.0,512681,2691706,19.8,529349,2676831,20.6,549415,2665836,21.7,573715,2639422,22.7,596312,2626609,23.8,618275,2600492,24.7,630486,2554324
"경상북도",포항시,10.7,55602,518913,11.3,58746,519467,12.0,62118,519368,12.6,65214,519584,13.2,68296,516775,14.2,72952,513832,15.1,77024,510013,16.2,82001,507025,17.5,87960,502916,18.6,93477,503852,19.9,98684,496650,21.1,104052,493033
"경상북도",경주시,16.3,42997,264091,16.9,44500,263283,17.6,46118,261535,18.2,47334,259773,18.8,48789,259452,19.7,50780,257903,20.4,52504,256864,21.4,54639,255402,22.6,57313,253502,23.7,59645,251889,24.8,61861,249607,26.0,64296,247489
"경상북도",김천시,18.9,25603,135504,19.5,26385,135259,20.0,27130,135456,19.9,27839,140132,20.0,28488,142256,20.7,29536,142908,21.5,30318,141104,22.1,31252,141229,23.1,32520,140548,24.0,33668,140239,25.0,34794,139324,26.1,35830,137515
"경상북도",안동시,18.7,31527,168302,19.3,32558,168461,19.8,33358,168697,20.1,33954,169221,20.5,34672,168798,21.6,35948,166272,22.7,36850,162180,23.7,37906,160052,24.7,39193,158907,25.7,40332,156972,26.7,41265,154610,27.7,42408,152935
"경상북도",구미시,6.4,26773,416949,6.7,28038,419428,6.9,29136,420320,7.2,30252,419915,7.5,31554,419891,8.0,33605,421799,8.4,35432,421494,8.9,37540,419742,9.6,39998,416328,10.3,42574,412581,11.1,45239,408110,11.9,48298,405506
"경상북도",영주시,19.4,22065,113547,20.2,22790,112625,21.2,23503,110780,21.9,24080,109735,22.5,24577,109247,23.6,25541,108371,24.7,26341,106801,25.9,27259,105067,27.3,28146,103119,28.3,28900,101942,29.5,29754,100749,30.4,30454,100199
"경상북도",영천시,22.1,22447,101798,23.0,23146,100778,23.7,23869,100689,24.2,24394,100648,24.9,25063,100521,25.8,25940,100615,26.4,26844,101595,27.0,27672,102470,28.3,28871,102015,29.4,29930,101888,30.5,30867,101088,31.7,31782,100212
"경상북도",상주시,24.9,25903,104182,25.6,26429,103346,26.3,27105,102892,26.9,27563,102374,27.3,27769,101799,28.3,28535,100947,29.0,29100,100297,29.6,29822,100688,31.3,30472,97228,32.6,31130,95566,33.7,31923,94823,34.9,32749,93858
"경상북도",문경시,23.2,17591,75899,23.8,18015,75664,24.3,18472,75911,24.9,18896,75784,25.8,19285,74702,27.1,19877,73294,28.3,20324,71874,28.9,20891,72242,30.2,21600,71406,31.4,22337,71154,32.5,22867,70373,34.0,23386,68755
"경상북도",경산시,12.2,30060,246358,12.8,31728,248805,13.2,33515,253968,13.6,35004,256888,14.1,36375,258037,14.8,38370,259485,15.3,40066,261093,16.0,42079,263185,16.9,44579,263728,17.7,47417,268369,18.6,49716,267725,19.5,51977,266205
"경상북도",군위군,33.2,8012,24119,33.8,8174,24172,34.7,8382,24170,35.3,8511,24126,35.9,8670,24171,36.7,8898,24215,37.6,8983,23919,38.5,9176,23843,40.7,9461,23256,42.4,9719,22945,43.1,10065,23340,-,-,-
"경상북도",의성군,33.2,18965,57043,34.3,19231,56064,35.3,19472,55212,36.1,19653,54477,36.8,19896,54014,37.9,20289,53474,38.9,20570,52944,39.9,21005,52595,41.5,21478,51724,43.2,21861,50632,44.3,22213,50186,45.4,22723,50086
"경상북도",청송군,30.1,7977,26481,30.9,8176,26470,31.5,8325,26453,32.0,8434,26384,32.7,8600,26301,33.7,8773,26006,34.9,8957,25678,35.9,9135,25416,37.5,9382,25044,38.8,9530,24539,40.4,9822,24295,41.8,10043,24019
"경상북도",영양군,30.9,5629,18208,31.4,5747,18297,32.1,5835,18197,32.6,5832,17898,33.2,5878,17713,34.1,5963,17479,35.1,6084,17356,36.0,6118,16993,37.6,6278,16692,38.7,6310,16320,40.0,6406,16022,41.4,6486,15661
"경상북도",영덕군,30.3,12186,40257,30.9,12419,40142,31.9,12639,39586,32.5,12743,39191,33.0,12897,39052,34.1,13141,38529,34.9,13287,38108,36.0,13458,37361,37.9,13750,36313,39.2,13843,35314,40.4,14006,34650,41.7,14211,34055
"경상북도",청도군,29.1,12797,43968,30.1,13169,43788,30.9,13615,43993,31.8,13899,43724,32.8,14274,43564,34.1,14779,43346,35.2,15172,43057,36.2,15541,42910,37.9,16027,42263,39.3,16444,41891,40.6,16896,41614,42.0,17342,41316
"경상북도",고령군,23.0,8136,35343,23.8,8360,35198,24.4,8537,35033,25.2,8717,34594,25.9,8889,34257,27.4,9253,33768,28.5,9380,32969,29.8,9648,32373,31.7,9941,31361,33.2,10165,30626,34.6,10497,30353,36.0,10862,30139
"경상북도",성주군,24.4,11009,45127,25.2,11369,45067,26.0,11697,44981,26.7,12013,45029,27.4,12398,45205,28.4,12839,45138,29.4,13142,44672,30.6,13477,44015,32.2,13971,43414,33.6,14413,42842,35.2,14978,42566,36.6,15405,42086
"경상북도",칠곡군,11.6,13914,119786,11.9,14375,121182,12.1,14820,122058,12.4,15200,122829,12.6,15479,123199,13.4,16166,120864,14.0,16692,118828,14.9,17488,117047,16.0,18335,114758,16.9,19201,113822,17.8,20009,112487,18.8,20840,110581
"경상북도",예천군,30.7,14123,46027,31.5,14375,45573,32.5,14644,45104,33.1,14793,44674,32.6,15043,46166,31.4,15458,49253,29.8,15876,53274,29.7,16389,55100,30.3,16844,55613,30.9,17236,55739,31.6,17638,55755,32.4,17898,55325
"경상북도",봉화군,29.4,9971,33934,30.1,10190,33894,30.6,10425,34023,31.2,10551,33808,31.9,10706,33539,32.9,10946,33259,33.6,11040,32843,34.9,11222,32150,36.7,11567,31494,38.3,11777,30762,39.7,11980,30139,41.3,12232,29603
"경상북도",울진군,23.6,12218,51844,24.0,12447,51953,24.2,12593,52104,24.4,12654,51885,24.5,12665,51738,25.2,12854,50974,26.1,13073,50036,27.1,13356,49314,28.0,13643,48716,29.3,14013,47858,30.4,14284,47030,31.2,14583,46669
"경상북도",울릉군,18.9,2014,10673,19.5,2050,10524,19.9,2044,10264,20.7,2104,10153,21.5,2154,10001,22.4,2238,9975,23.3,2290,9832,24.3,2341,9617,26.3,2386,9077,27.0,2390,8867,27.9,2511,8996,29.0,2629,9077
"경상남도",소계,12.5,414831,3319314,12.9,431645,3333820,13.4,449017,3350257,13.8,464019,3364702,14.2,480278,3373871,14.9,504460,3380404,15.5,523165,3373988,16.3,548257,3362553,17.4,580258,3340216,18.4,608379,3314183,19.5,638801,3280493,20.6,669646,3251158
"경상남도",진주시,12.5,42193,337314,13.1,44016,337071,13.5,45998,340241,13.9,47815,344426,14.2,49318,346739,14.9,51488,346681,15.4,53260,345987,16.1,55899,347334,17.0,59032,348096,17.8,61615,347097,18.7,64338,343782,19.7,67312,341074
"경상남도",통영시,12.8,17772,139347,13.4,18685,139719,14.0,19560,139439,14.5,20146,139168,15.1,20895,138160,16.2,22054,135833,17.1,22844,133720,18.2,23895,131404,19.6,25137,128293,21.1,26428,125383,22.4,27521,122681,23.9,28780,120551
"경상남도",사천시,16.5,19024,115321,16.9,19738,116851,17.5,20427,116485,18.1,20899,115452,18.7,21502,114912,19.4,22118,114252,19.9,22641,113888,20.9,23428,111925,22.1,24604,111105,23.1,25437,109953,24.1,26332,109369,24.9,27114,109030
"경상남도",김해시,7.7,39588,513260,8.0,41790,522049,8.3,43802,527240,8.7,45896,528865,9.1,47975,529422,9.6,51219,532132,10.1,53753,533672,10.6,57532,542455,11.4,61857,542338,12.2,65524,537673,13.1,70208,535129,14.0,74830,533659
"경상남도",밀양시,20.9,22721,108755,21.7,23527,108342,22.4,24163,107765,23.0,24796,107896,23.6,25611,108354,24.8,26719,107898,25.8,27561,106744,27.0,28549,105552,28.5,29887,104831,30.0,31006,103525,31.5,32434,102945,33.1,33742,102084
"경상남도",거제시,7.5,17710,236944,7.6,18470,242077,7.8,19366,248287,7.8,20073,255828,8.1,20932,257183,8.8,22240,254073,9.4,23456,250516,10.0,24892,248276,10.9,26869,245754,12.0,28842,241216,13.2,31230,236662,14.4,33622,234038
"경상남도",양산시,9.6,25896,270460,10.0,27927,279565,10.3,30225,292376,10.7,32386,301291,11.1,35131,317037,11.5,38921,338535,12.0,41664,348639,12.7,44631,350759,13.8,48495,352229,14.7,51977,354726,15.7,55667,353792,16.8,59643,355122
"경상남도",창원시,8.8,96199,1091471,9.4,101571,1083731,10.0,107030,1075168,10.4,111795,1070064,11.0,117208,1063907,11.8,124875,1057032,12.5,131613,1053601,13.4,140151,1044740,14.6,150905,1036738,15.5,160521,1032741,16.7,170273,1021487,17.9,180319,1009038
"경상남도",의령군,30.6,9274,30329,31.5,9273,29417,32.2,9407,29209,33.1,9451,28544,33.6,9450,28111,34.6,9630,27849,34.6,9584,27667,35.7,9689,27168,37.0,9921,26800,38.4,10114,26322,39.6,10312,26061,41.1,10479,25475
"경상남도",함안군,18.8,12675,67425,19.2,13013,67667,19.4,13354,68741,19.9,13749,69156,20.3,13964,68937,21.2,14443,68207,22.1,14825,67025,23.4,15354,65700,25.1,16086,64182,26.8,16739,62547,28.3,17378,61456,29.8,17961,60203
"경상남도",창녕군,25.1,15821,62966,25.5,16205,63447,26.1,16563,63502,26.4,16848,63817,26.8,17149,63982,27.7,17724,64101,28.4,18034,63396,29.6,18426,62331,31.2,19105,61301,32.6,19600,60129,34.5,20157,58372,36.2,20640,57083
"경상남도",고성군,23.8,13532,56906,24.5,13793,56369,25.2,14092,55916,25.7,14222,55284,26.4,14462,54703,27.5,14842,54060,28.5,15158,53243,29.8,15577,52276,31.3,16095,51361,32.8,16543,50478,33.8,17031,50448,35.4,17491,49468
"경상남도",남해군,31.7,15308,48223,32.5,15354,47244,33.4,15577,46638,34.0,15584,45865,34.8,15692,45129,35.5,15837,44642,36.2,15910,43990,36.6,15987,43622,37.8,16258,42958,38.9,16448,42266,40.2,16712,41579,41.4,16889,40780
"경상남도",하동군,27.0,13735,50806,27.9,13997,50177,28.8,14172,49223,28.7,14407,50259,29.2,14514,49622,30.1,14721,48831,31.2,14849,47533,32.5,15120,46574,34.6,15490,44785,36.3,15781,43449,38.0,16129,42465,39.7,16518,41606
"경상남도",산청군,30.4,10844,35691,30.8,11055,35935,31.5,11294,35849,32.0,11542,36071,32.2,11638,36098,32.8,11916,36340,33.6,12091,35952,35.1,12444,35417,36.8,12833,34857,38.3,13175,34360,39.7,13518,34028,41.0,13847,33752
"경상남도",함양군,28.6,11624,40714,29.0,11790,40692,29.5,11989,40584,30.2,12163,40339,30.5,12274,40241,31.3,12558,40175,31.5,12620,40044,32.4,12836,39637,33.8,13227,39080,35.2,13494,38310,36.5,13769,37708,37.9,14001,36945
"경상남도",거창군,23.1,14591,63103,23.6,14916,63177,24.1,15214,63137,24.3,15359,63232,24.6,15591,63308,25.5,15981,62763,26.0,16214,62455,26.7,16603,62179,27.7,17026,61502,28.7,17545,61073,29.9,18035,60387,30.9,18536,60047
"경상남도",합천군,32.5,16324,50279,32.9,16525,50290,33.3,16784,50457,34.4,16888,49145,35.3,16972,48026,36.5,17174,47000,37.2,17088,45916,38.1,17244,45204,39.6,17431,44006,41.0,17590,42935,42.1,17757,42142,43.5,17922,41203
"제주특별자치도",소계,13.0,75925,583713,13.4,79305,593806,13.6,82411,607346,13.8,85893,624395,13.9,89189,641597,14.2,93117,657083,14.4,96207,667191,15.0,100397,670989,15.7,106154,674635,16.3,110645,676759,17.1,115768,678159,17.9,121156,675252
"제주특별자치도",제주시,11.7,50099,429656,12.0,52369,438165,12.2,54534,448834,12.4,56914,459876,12.6,59159,470665,12.9,61653,478700,13.1,63813,485946,13.6,66690,489405,14.4,70720,492466,15.0,73797,493096,15.7,77364,493389,16.5,81115,491654
"제주특별자치도",서귀포시,16.8,25826,154057,17.3,26936,155641,17.6,27877,158512,17.6,28979,164519,17.6,30030,170932,17.6,31464,178383,17.9,32394,181245,18.6,33707,181584,19.5,35434,182169,20.1,36848,183663,20.8,38404,184770,21.8,40041,183598
